sample_id,reason
10IF_e3_C_m1_d1,resolution > cutoff or no resolution (NMR)
10IG_e3_C_m1_d1,resolution > cutoff or no resolution (NMR)
12IF_e2_B_m1_d1,resolution > cutoff or no resolution (NMR)
21EO_e1_A_m1_d1,resolution > cutoff or no resolution (NMR)
26WC_e2_B_m1_d1,resolution > cutoff or no resolution (NMR)
28JD_e2_H_m1_d2,resolution > cutoff or no resolution (NMR)
29CP_e2_C_m1_d1,resolution > cutoff or no resolution (NMR)
35TL_e2_B_m1_d1,resolution > cutoff or no resolution (NMR)
45ID_e1_A_m1_d1,resolution > cutoff or no resolution (NMR)
7LZ6_e2_C_m1_d1,resolution > cutoff or no resolution (NMR)
8JAG_e2_B_m1_d1,resolution > cutoff or no resolution (NMR)
8JAP_e2_B_m1_d1,resolution > cutoff or no resolution (NMR)
8K18_e2_B_m1_d1,resolution > cutoff or no resolution (NMR)
8K19_e1_A_m1_d1,resolution > cutoff or no resolution (NMR)
8QV5_e2_B_m1_d1,resolution > cutoff or no resolution (NMR)
8QV6_e2_B_m1_d1,resolution > cutoff or no resolution (NMR)
8RRT_e3_I_m1_d1,resolution > cutoff or no resolution (NMR)
8RRU_e3_I_m1_d1,resolution > cutoff or no resolution (NMR)
8RRW_e3_I_m1_d1,resolution > cutoff or no resolution (NMR)
8T7R_e2_AA_m1_d1,resolution > cutoff or no resolution (NMR)
8TMB_e2_F_m1_d1,resolution > cutoff or no resolution (NMR)
8TQ4_e3_C_m1_d1,resolution > cutoff or no resolution (NMR)
8TV5_e1_A_m1_d1,resolution > cutoff or no resolution (NMR)
8ULK_e2_D_m1_d1,resolution > cutoff or no resolution (NMR)
8ULT_e3_G_m1_d1,resolution > cutoff or no resolution (NMR)
8US0_e3_L_m1_d1,resolution > cutoff or no resolution (NMR)
8UZC_e1_A_m1_d1,resolution > cutoff or no resolution (NMR)
8V5P_e2_B_m1_d1,resolution > cutoff or no resolution (NMR)
8V5S_e1_A_m1_d1,resolution > cutoff or no resolution (NMR)
8VH1_e3_C_m1_d1,resolution > cutoff or no resolution (NMR)
8VSV_e1_A_m1_d1,resolution > cutoff or no resolution (NMR)
8VUU_e3_E_m1_d1,resolution > cutoff or no resolution (NMR)
8VUV_e2_B_m1_d1,resolution > cutoff or no resolution (NMR)
8WZ5_e2_B_m1_d1,resolution > cutoff or no resolution (NMR)
8XPY_e2_B_m1_d1,resolution > cutoff or no resolution (NMR)
8XQ3_e2_B_m1_d1,resolution > cutoff or no resolution (NMR)
8XRQ_e2_B_m1_d1,resolution > cutoff or no resolution (NMR)
8YEF_e1_A_m1_d1,resolution > cutoff or no resolution (NMR)
8Z8L_e2_B_m1_d1,resolution > cutoff or no resolution (NMR)
8ZL9_e1_A_m1_d1,resolution > cutoff or no resolution (NMR)
8ZRH_e2_E_m1_d1,resolution > cutoff or no resolution (NMR)
8ZRR_e1_A_m1_d1,resolution > cutoff or no resolution (NMR)
9AY1_e1_A_m1_d1,resolution > cutoff or no resolution (NMR)
9BLL_e1_A_m1_d1,resolution > cutoff or no resolution (NMR)
9BNL_e3_G_m1_d1,resolution > cutoff or no resolution (NMR)
9BNM_e2_D_m1_d1,resolution > cutoff or no resolution (NMR)
9BP1_e1_A_m1_d1,resolution > cutoff or no resolution (NMR)
9BTH_e1_A_m1_d1,resolution > cutoff or no resolution (NMR)
9BTI_e3_C_m1_d1,resolution > cutoff or no resolution (NMR)
9BTJ_e2_B_m1_d1,resolution > cutoff or no resolution (NMR)
9BU6_e1_A_m1_d1,resolution > cutoff or no resolution (NMR)
9BU8_e3_C_m1_d1,resolution > cutoff or no resolution (NMR)
9BUE_e4_D_m1_d1,resolution > cutoff or no resolution (NMR)
9CB1_e1_A_m1_d1,resolution > cutoff or no resolution (NMR)
9CCG_e2_B_m1_d1,resolution > cutoff or no resolution (NMR)
9CCU_e3_C_m1_d1,resolution > cutoff or no resolution (NMR)
9CCW_e3_C_m1_d1,resolution > cutoff or no resolution (NMR)
9CF7_e2_B_m1_d1,resolution > cutoff or no resolution (NMR)
9CJY_e3_G_m1_d1,resolution > cutoff or no resolution (NMR)
9CJZ_e3_G_m1_d1,resolution > cutoff or no resolution (NMR)
9CV7_e2_B_m1_d1,resolution > cutoff or no resolution (NMR)
9DMB_e2_B_m1_d1,resolution > cutoff or no resolution (NMR)
9DRY_e2_B_m1_d1,resolution > cutoff or no resolution (NMR)
9DSL_e2_D_m1_d1,resolution > cutoff or no resolution (NMR)
9E3J_e6_G_m1_d1,resolution > cutoff or no resolution (NMR)
9E7W_e2_G_m1_d1,resolution > cutoff or no resolution (NMR)
9E8D_e3_H_m1_d1,resolution > cutoff or no resolution (NMR)
9ECZ_e2_B_m1_d1,resolution > cutoff or no resolution (NMR)
9EI9_e3_I_m1_d1,resolution > cutoff or no resolution (NMR)
9EIU_e2_B_m1_d1,resolution > cutoff or no resolution (NMR)
9EJE_e2_D_m1_d1,resolution > cutoff or no resolution (NMR)
9EYD_e2_B_m1_d1,resolution > cutoff or no resolution (NMR)
9FM2_e1_A_m1_d1,resolution > cutoff or no resolution (NMR)
9FMW_e2_D_m1_d1,resolution > cutoff or no resolution (NMR)
9FTE_e2_B_m1_d1,resolution > cutoff or no resolution (NMR)
9GIV_e3_C_m1_d1,resolution > cutoff or no resolution (NMR)
9GIW_e3_C_m1_d1,resolution > cutoff or no resolution (NMR)
9GIX_e3_C_m1_d1,resolution > cutoff or no resolution (NMR)
9GMU_e2_C_m1_d1,resolution > cutoff or no resolution (NMR)
9GVG_e1_A_m1_d1,resolution > cutoff or no resolution (NMR)
9IJR_e3_C_m1_d1,resolution > cutoff or no resolution (NMR)
9IJS_e3_C_m1_d1,resolution > cutoff or no resolution (NMR)
9ISF_e2_B_m1_d1,resolution > cutoff or no resolution (NMR)
9J66_e1_A_m1_d1,resolution > cutoff or no resolution (NMR)
9J82_e2_B_m1_d1,resolution > cutoff or no resolution (NMR)
9J83_e2_B_m1_d1,resolution > cutoff or no resolution (NMR)
9JS4_e2_B_m1_d1,resolution > cutoff or no resolution (NMR)
9KFB_e1_A_m1_d2,resolution > cutoff or no resolution (NMR)
9KFW_e1_A_m1_d1,resolution > cutoff or no resolution (NMR)
9KNX_e3_C_m1_d1,resolution > cutoff or no resolution (NMR)
9KT3_e3_C_m1_d1,resolution > cutoff or no resolution (NMR)
9KZD_e1_A_m1_d1,resolution > cutoff or no resolution (NMR)
9LD2_e2_B_m1_d1,resolution > cutoff or no resolution (NMR)
9LDJ_e2_B_m1_d1,resolution > cutoff or no resolution (NMR)
9LFC_e2_B_m1_d1,resolution > cutoff or no resolution (NMR)
9LFD_e2_B_m1_d1,resolution > cutoff or no resolution (NMR)
9LLD_e2_B_m1_d1,resolution > cutoff or no resolution (NMR)
9LOZ_e2_B_m1_d1,resolution > cutoff or no resolution (NMR)
9LY6_e2_B_m1_d1,resolution > cutoff or no resolution (NMR)
9LYP_e3_C_m1_d1,resolution > cutoff or no resolution (NMR)
9M5D_e1_A_m1_d1,resolution > cutoff or no resolution (NMR)
9M5H_e3_D_m1_d1,resolution > cutoff or no resolution (NMR)
9MEW_e5_E_m1_d1,resolution > cutoff or no resolution (NMR)
9MJ4_e9_P_m1_d1,resolution > cutoff or no resolution (NMR)
9MQ7_e1_A_m1_d1,resolution > cutoff or no resolution (NMR)
9MQ8_e3_G_m1_d1,resolution > cutoff or no resolution (NMR)
9MR1_e1_A_m1_d1,resolution > cutoff or no resolution (NMR)
9N38_e3_C_m1_d1,resolution > cutoff or no resolution (NMR)
9N3B_e3_G_m1_d1,resolution > cutoff or no resolution (NMR)
9N5Y_e2_B_m1_d1,resolution > cutoff or no resolution (NMR)
9NC6_e3_G_m1_d1,resolution > cutoff or no resolution (NMR)
9NC8_e3_G_m1_d1,resolution > cutoff or no resolution (NMR)
9NFU_e2_B_m1_d1,resolution > cutoff or no resolution (NMR)
9NPM_e3_C_m1_d1,resolution > cutoff or no resolution (NMR)
9NRX_e3_G_m1_d1,resolution > cutoff or no resolution (NMR)
9NRY_e3_G_m1_d1,resolution > cutoff or no resolution (NMR)
9NRZ_e3_G_m1_d1,resolution > cutoff or no resolution (NMR)
9NVY_e1_A_m1_d1,resolution > cutoff or no resolution (NMR)
9NWW_e3_C_m1_d1,resolution > cutoff or no resolution (NMR)
9O58_e4_D_m1_d1,resolution > cutoff or no resolution (NMR)
9O8M_e1_A_m1_d1,resolution > cutoff or no resolution (NMR)
9OD2_e1_A_m1_d1,resolution > cutoff or no resolution (NMR)
9OED_e1_A_m1_d1,resolution > cutoff or no resolution (NMR)
9OMG_e3_G_m1_d1,resolution > cutoff or no resolution (NMR)
9OOK_e1_A_m1_d1,resolution > cutoff or no resolution (NMR)
9ORE_e2_D_m1_d1,resolution > cutoff or no resolution (NMR)
9OT6_e2_C_m1_d1,resolution > cutoff or no resolution (NMR)
9OWE_e2_C_m1_d1,resolution > cutoff or no resolution (NMR)
9P9Q_e3_D_m1_d1,resolution > cutoff or no resolution (NMR)
9PAT_e3_D_m1_d1,resolution > cutoff or no resolution (NMR)
9PC6_e2_C_m1_d1,resolution > cutoff or no resolution (NMR)
9PDX_e1_A_m1_d1,resolution > cutoff or no resolution (NMR)
9PF9_e2_B_m1_d1,resolution > cutoff or no resolution (NMR)
9PNI_e3_G_m1_d1,resolution > cutoff or no resolution (NMR)
9PX5_e2_B_m1_d1,resolution > cutoff or no resolution (NMR)
9PZU_e1_A_m1_d1,resolution > cutoff or no resolution (NMR)
9QPY_e2_D_m1_d1,resolution > cutoff or no resolution (NMR)
9RIG_e4_D_m1_d1,resolution > cutoff or no resolution (NMR)
9RIJ_e5_E_m1_d1,resolution > cutoff or no resolution (NMR)
9RIL_e6_F_m1_d1,resolution > cutoff or no resolution (NMR)
9RIN_e5_E_m1_d1,resolution > cutoff or no resolution (NMR)
9S67_e2_B_m1_d1,resolution > cutoff or no resolution (NMR)
9S6Q_e2_B_m1_d1,resolution > cutoff or no resolution (NMR)
9S6Y_e2_B_m1_d1,resolution > cutoff or no resolution (NMR)
9SF5_e2_B_m1_d1,resolution > cutoff or no resolution (NMR)
9T6Z_e2_B_m1_d1,resolution > cutoff or no resolution (NMR)
9U34_e3_D_m1_d1,resolution > cutoff or no resolution (NMR)
9U35_e3_D_m1_d1,resolution > cutoff or no resolution (NMR)
9U36_e3_E_m1_d1,resolution > cutoff or no resolution (NMR)
9U37_e3_C_m1_d1,resolution > cutoff or no resolution (NMR)
9U38_e3_C_m1_d1,resolution > cutoff or no resolution (NMR)
9U5R_e2_B_m1_d1,resolution > cutoff or no resolution (NMR)
9UGO_e2_B_m1_d1,resolution > cutoff or no resolution (NMR)
9UHF_e2_B_m1_d1,resolution > cutoff or no resolution (NMR)
9UHG_e2_B_m1_d1,resolution > cutoff or no resolution (NMR)
9UHQ_e3_C_m1_d1,resolution > cutoff or no resolution (NMR)
9URM_e2_B_m1_d1,resolution > cutoff or no resolution (NMR)
9UUF_e2_C_m1_d1,resolution > cutoff or no resolution (NMR)
9V0N_e2_B_m1_d1,resolution > cutoff or no resolution (NMR)
9V0P_e1_A_m1_d1,resolution > cutoff or no resolution (NMR)
9V0Q_e2_B_m1_d1,resolution > cutoff or no resolution (NMR)
9V2U_e2_B_m1_d1,resolution > cutoff or no resolution (NMR)
9V31_e2_B_m1_d1,resolution > cutoff or no resolution (NMR)
9V32_e2_B_m1_d1,resolution > cutoff or no resolution (NMR)
9VLS_e2_B_m1_d1,resolution > cutoff or no resolution (NMR)
9VLT_e3_C_m1_d1,resolution > cutoff or no resolution (NMR)
9VMD_e2_B_m1_d1,resolution > cutoff or no resolution (NMR)
9VOS_e4_E_m1_d1,resolution > cutoff or no resolution (NMR)
9VWZ_e2_B_m1_d1,resolution > cutoff or no resolution (NMR)
9VZ8_e3_E_m1_d1,resolution > cutoff or no resolution (NMR)
9WJ6_e4_D_m1_d1,resolution > cutoff or no resolution (NMR)
9WWH_e1_A_m1_d1,resolution > cutoff or no resolution (NMR)
9XHY_e3_C_m1_d1,resolution > cutoff or no resolution (NMR)
9XHZ_e3_E_m1_d1,resolution > cutoff or no resolution (NMR)
9XI0_e2_D_m1_d1,resolution > cutoff or no resolution (NMR)
9XI3_e2_B_m1_d1,resolution > cutoff or no resolution (NMR)
9Y1Q_e2_B_m1_d1,resolution > cutoff or no resolution (NMR)
9Y3Y_e4_F_m1_d1,resolution > cutoff or no resolution (NMR)
9Y40_e2_B_m1_d1,resolution > cutoff or no resolution (NMR)
9YAW_e1_A_m1_d1,resolution > cutoff or no resolution (NMR)
9YAX_e1_A_m1_d1,resolution > cutoff or no resolution (NMR)
9YAZ_e1_A_m1_d1,resolution > cutoff or no resolution (NMR)
9YC6_e3_C_m1_d1,resolution > cutoff or no resolution (NMR)
9YEM_e3_C_m1_d1,resolution > cutoff or no resolution (NMR)
9YEO_e3_C_m1_d1,resolution > cutoff or no resolution (NMR)
9YGQ_e2_D_m1_d1,resolution > cutoff or no resolution (NMR)
9YGR_e2_B_m1_d1,resolution > cutoff or no resolution (NMR)
9YHS_e1_A_m1_d1,resolution > cutoff or no resolution (NMR)
9YHT_e3_C_m1_d1,resolution > cutoff or no resolution (NMR)
9YIB_e3_C_m1_d1,resolution > cutoff or no resolution (NMR)
9YIF_e3_G_m1_d1,resolution > cutoff or no resolution (NMR)
9YIH_e3_G_m1_d1,resolution > cutoff or no resolution (NMR)
9Z77_e2_B_m1_d1,resolution > cutoff or no resolution (NMR)
9ZFY_e3_D_m1_d1,resolution > cutoff or no resolution (NMR)
8VXJ_e2_B_m1_d1,30 unknown (X/UNK) residues in heavy V sequence
8YOT_e1_C_m1_d1,only 74% of residues have a complete backbone; 28 residues missing individual backbone atoms
9BHM_e4_D_m1_d1,only 85% of residues have a complete backbone
9IMX_e2_C_m1_d1,only 76% of residues have a complete backbone
9LFA_e2_B_m1_d1,only 75% of residues have a complete backbone
9LWC_e4_D_m1_d1,only 71% of residues have a complete backbone
9MKG_e1_A_m1_d1,11 residues missing individual backbone atoms
9MPX_e1_A_m1_d1,only 84% of residues have a complete backbone
9N7V_e1_A_m1_d1,only 85% of residues have a complete backbone
9NH7_e1_A_m1_d1,only 81% of residues have a complete backbone
9PUR_e2_C_m1_d1,only 75% of residues have a complete backbone
9VT4_e3_C_m1_d1,only 77% of residues have a complete backbone
9W1J_e4_D_m1_d1,only 88% of residues have a complete backbone
9W2G_e3_C_m1_d1,only 90% of residues have a complete backbone
9W2H_e4_D_m1_d1,only 90% of residues have a complete backbone
9W2I_e3_C_m1_d1,only 90% of residues have a complete backbone
9W2J_e3_C_m1_d1,only 90% of residues have a complete backbone
9WMQ_e2_B_m1_d1,only 18% of residues have a complete backbone
9O8T_e3_C_m1_d1,duplicate sequence; kept 9O8S_e3_C_m1_d1 (better or equal resolution)
9HH9_e3_E_m1_d1,duplicate sequence; kept 9HHR_e2_D_m1_d1 (better or equal resolution)
9XTH_e1_A_m1_d1,duplicate sequence; kept 9JNO_e2_B_m1_d1 (better or equal resolution)
23IU_e5_E_m1_d1,duplicate sequence; kept 23IT_e5_E_m1_d1 (better or equal resolution)
43YY_e2_B_m1_d1,duplicate sequence; kept 9XNY_e2_B_m1_d1 (better or equal resolution)
9XO2_e2_B_m1_d1,duplicate sequence; kept 9XNY_e2_B_m1_d1 (better or equal resolution)
9OUP_e6_F_m1_d1,duplicate sequence; kept 9OUN_e2_B_m1_d1 (better or equal resolution)
9OUR_e4_F_m1_d1,duplicate sequence; kept 9OUN_e2_B_m1_d1 (better or equal resolution)
9OUQ_e5_F_m1_d1,duplicate sequence; kept 9OUN_e2_B_m1_d1 (better or equal resolution)
9OUM_e3_C_m1_d1,duplicate sequence; kept 9OUN_e2_B_m1_d1 (better or equal resolution)
9OUO_e2_B_m1_d1,duplicate sequence; kept 9OUN_e2_B_m1_d1 (better or equal resolution)
9OV4_e4_E_m1_d1,duplicate sequence; kept 9OUN_e2_B_m1_d1 (better or equal resolution)
9UZB_e2_B_m1_d1,duplicate sequence; kept 9XF9_e2_B_m1_d1 (better or equal resolution)
9UZH_e2_B_m1_d1,duplicate sequence; kept 9XF9_e2_B_m1_d1 (better or equal resolution)
9UZC_e2_B_m1_d1,duplicate sequence; kept 9XF9_e2_B_m1_d1 (better or equal resolution)
9UZG_e2_B_m1_d1,duplicate sequence; kept 9XF9_e2_B_m1_d1 (better or equal resolution)
9UZI_e2_B_m1_d1,duplicate sequence; kept 9XF9_e2_B_m1_d1 (better or equal resolution)
9UZD_e2_B_m1_d1,duplicate sequence; kept 9XF9_e2_B_m1_d1 (better or equal resolution)
9UZE_e2_B_m1_d1,duplicate sequence; kept 9XF9_e2_B_m1_d1 (better or equal resolution)
9UZF_e1_A_m1_d1,duplicate sequence; kept 9XF9_e2_B_m1_d1 (better or equal resolution)
9GEI_e2_B_m1_d1,duplicate sequence; kept 9GJG_e3_C_m1_d1 (better or equal resolution)
9VG1_e2_B_m1_d1,duplicate sequence; kept 9VFT_e1_A_m1_d1 (better or equal resolution)
9O5S_e4_D_m1_d1,duplicate sequence; kept 9MIN_e5_E_m1_d1 (better or equal resolution)
9LUX_e1_A_m1_d2,duplicate sequence; kept 9LUY_e1_A_m1_d2 (better or equal resolution)
9IB3_e3_C_m1_d1,duplicate sequence; kept 9IB1_e3_C_m1_d1 (better or equal resolution)
9DS1_e3_C_m1_d1,duplicate sequence; kept 9DS3_e1_A_m1_d1 (better or equal resolution)
9NFB_e5_E_m1_d1,duplicate sequence; kept 9NFC_e5_E_m1_d1 (better or equal resolution)
9R0B_e3_C_m1_d1,duplicate sequence; kept 9R09_e3_C_m1_d1 (better or equal resolution)
9R0J_e3_C_m1_d1,duplicate sequence; kept 9R09_e3_C_m1_d1 (better or equal resolution)
9HNG_e3_C_m1_d1,duplicate sequence; kept 9R09_e3_C_m1_d1 (better or equal resolution)
9FOT_e2_B_m1_d1,duplicate sequence; kept 8UY6_e2_B_m1_d1 (better or equal resolution)
9FKN_e2_B_m1_d1,duplicate sequence; kept 8UY6_e2_B_m1_d1 (better or equal resolution)
9GF8_e2_B_m1_d1,duplicate sequence; kept 8UY6_e2_B_m1_d1 (better or equal resolution)
9GWT_e1_A_m1_d1,duplicate sequence; kept 9GWZ_e1_A_m1_d1 (better or equal resolution)
9Y0D_e1_A_m1_d1,duplicate sequence; kept 9Y0A_e2_B_m1_d1 (better or equal resolution)
9Y0E_e2_B_m1_d1,duplicate sequence; kept 9Y0A_e2_B_m1_d1 (better or equal resolution)
9FY8_e1_A_m1_d1,duplicate sequence; kept 9FXT_e1_B_m1_d1 (better or equal resolution)
9AXR_e1_A_m1_d1,duplicate sequence; kept 9AXS_e1_A_m1_d1 (better or equal resolution)
9BAN_e3_E_m1_d1,duplicate sequence; kept 9BAO_e3_E_m1_d1 (better or equal resolution)
9NZ3_e3_D_m1_d1,duplicate sequence; kept 9CTU_e2_B_m1_d1 (better or equal resolution)
9NZ5_e3_D_m1_d1,duplicate sequence; kept 9CTU_e2_B_m1_d1 (better or equal resolution)
9EXA_e3_D_m1_d1,duplicate sequence; kept 9CTU_e2_B_m1_d1 (better or equal resolution)
9NZ4_e3_D_m1_d1,duplicate sequence; kept 9CTU_e2_B_m1_d1 (better or equal resolution)
9JME_e1_A_m1_d1,duplicate sequence; kept 9JMB_e2_B_m1_d1 (better or equal resolution)
9JMR_e2_B_m1_d1,duplicate sequence; kept 9JMB_e2_B_m1_d1 (better or equal resolution)
9JMS_e2_D_m1_d1,duplicate sequence; kept 9JMB_e2_B_m1_d1 (better or equal resolution)
9PKF_e2_B_m1_d1,duplicate sequence; kept 9PKC_e2_B_m1_d1 (better or equal resolution)
9CFD_e1_A_m1_d1,duplicate sequence; kept 9BX5_e1_A_m1_d1 (better or equal resolution)
9BX7_e1_A_m1_d1,duplicate sequence; kept 9BX5_e1_A_m1_d1 (better or equal resolution)
9B88_e1_A_m1_d1,duplicate sequence; kept 9BX5_e1_A_m1_d1 (better or equal resolution)
9WN3_e1_A_m1_d1,duplicate sequence; kept 9WN2_e1_A_m1_d1 (better or equal resolution)
9WN4_e1_A_m1_d1,duplicate sequence; kept 9WN2_e1_A_m1_d1 (better or equal resolution)
8Y3K_e3_G_m1_d1,duplicate sequence; kept 8Y3H_e3_G_m1_d1 (better or equal resolution)
9VP0_e2_B_m1_d1,duplicate sequence; kept 9UK5_e2_B_m1_d1 (better or equal resolution)
8VDF_e2_B_m1_d1,duplicate sequence; kept 8VDL_e2_B_m1_d1 (better or equal resolution)
9FR3_e1_A_m1_d1,duplicate sequence; kept 9FR4_e2_B_m1_d1 (better or equal resolution)
8YVM_e3_F_m1_d1,duplicate sequence; kept 8YVL_e3_I_m1_d1 (better or equal resolution)
8REK_e2_B_m1_d1,duplicate sequence; kept 8REL_e1_A_m1_d1 (better or equal resolution)
9NQZ_e3_E_m1_d1,duplicate sequence; kept 9NQ3_e1_A_m1_d1 (better or equal resolution)
9CTY_e2_B_m1_d1,duplicate sequence; kept 9EI0_e2_B_m1_d1 (better or equal resolution)
9CON_e2_B_m1_d1,duplicate sequence; kept 9EI0_e2_B_m1_d1 (better or equal resolution)
9J3M_e2_B_m1_d1,duplicate sequence; kept 9J3L_e2_B_m1_d1 (better or equal resolution)
8YW6_e2_B_m1_d1,duplicate sequence; kept 8YW8_e2_B_m1_d1 (better or equal resolution)
9KNY_e3_C_m1_d1,duplicate sequence; kept 8YW8_e2_B_m1_d1 (better or equal resolution)
9KNW_e3_C_m1_d1,duplicate sequence; kept 8YW8_e2_B_m1_d1 (better or equal resolution)
9S6U_e2_B_m1_d1,duplicate sequence; kept 9S6S_e2_B_m1_d1 (better or equal resolution)
9AVO_e1_A_m1_d1,duplicate sequence; kept 9AWE_e1_A_m1_d1 (better or equal resolution)
9KOD_e2_E_m1_d1,duplicate sequence; kept 8YVN_e2_E_m1_d1 (better or equal resolution)
8YVK_e2_E_m1_d1,duplicate sequence; kept 8YVN_e2_E_m1_d1 (better or equal resolution)
8Y2K_e2_B_m1_d1,duplicate sequence; kept 8Y31_e2_B_m1_d1 (better or equal resolution)
12PY_e1_A_m1_d1,duplicate sequence; kept 12QB_e1_A_m1_d1 (better or equal resolution)
9UXE_e2_D_m1_d1,duplicate sequence; kept 9UXD_e2_D_m1_d1 (better or equal resolution)
9OFQ_e2_C_m1_d1,duplicate sequence; kept 9OFO_e2_D_m1_d1 (better or equal resolution)
9MFG_e2_E_m1_d1,duplicate sequence; kept 9MDZ_e1_A_m1_d1 (better or equal resolution)
9C2K_e1_A_m1_d1,duplicate sequence; kept 9DN4_e1_A_m1_d1 (better or equal resolution)
9E7E_e1_A_m1_d1,duplicate sequence; kept 9DN4_e1_A_m1_d1 (better or equal resolution)
9E7G_e1_A_m1_d1,duplicate sequence; kept 9DN4_e1_A_m1_d1 (better or equal resolution)
9NLN_e1_A_m1_d1,duplicate sequence; kept 9DN4_e1_A_m1_d1 (better or equal resolution)
9C75_e1_A_m1_d1,duplicate sequence; kept 9DN4_e1_A_m1_d1 (better or equal resolution)
9E7D_e2_C_m1_d1,duplicate sequence; kept 9DN4_e1_A_m1_d1 (better or equal resolution)
8TN7_e1_A_m1_d1,duplicate sequence; kept 8TN4_e1_A_m1_d1 (better or equal resolution)
8TN5_e1_A_m1_d1,duplicate sequence; kept 8TN4_e1_A_m1_d1 (better or equal resolution)
9LOY_e2_D_m1_d1,duplicate sequence; kept 9LP0_e2_D_m1_d1 (better or equal resolution)
9LP1_e1_A_m1_d1,duplicate sequence; kept 9LP0_e2_D_m1_d1 (better or equal resolution)
8UJI_e1_A_m1_d1,duplicate sequence; kept 8UIO_e1_C_m1_d1 (better or equal resolution)
8UIT_e1_A_m1_d1,duplicate sequence; kept 8UIO_e1_C_m1_d1 (better or equal resolution)
8UHS_e1_A_m1_d1,duplicate sequence; kept 8UHH_e1_A_m1_d1 (better or equal resolution)
8UHT_e1_A_m1_d1,duplicate sequence; kept 8UHH_e1_A_m1_d1 (better or equal resolution)
8UIG_e1_A_m1_d1,duplicate sequence; kept 8UIH_e1_A_m1_d1 (better or equal resolution)
8UHJ_e1_A_m1_d1,duplicate sequence; kept 8UIH_e1_A_m1_d1 (better or equal resolution)
8UHP_e1_A_m1_d1,duplicate sequence; kept 8UIH_e1_A_m1_d1 (better or equal resolution)
8UHN_e1_A_m1_d1,duplicate sequence; kept 8UIH_e1_A_m1_d1 (better or equal resolution)
9PZ6_e1_A_m1_d1,duplicate sequence; kept 9NOB_e1_A_m1_d1 (better or equal resolution)
9PZ5_e1_A_m1_d1,duplicate sequence; kept 9NOB_e1_A_m1_d1 (better or equal resolution)
9NL0_e1_A_m1_d1,duplicate sequence; kept 9NKZ_e1_A_m1_d1 (better or equal resolution)
9NZF_e1_A_m1_d1,duplicate sequence; kept 9NKZ_e1_A_m1_d1 (better or equal resolution)
9NKY_e1_A_m1_d1,duplicate sequence; kept 9NKZ_e1_A_m1_d1 (better or equal resolution)
9NL1_e1_A_m1_d1,duplicate sequence; kept 9NKZ_e1_A_m1_d1 (better or equal resolution)
9ZM8_e1_A_m1_d1,duplicate sequence; kept 9ZM9_e1_A_m1_d1 (better or equal resolution)
9ZM7_e1_A_m1_d1,duplicate sequence; kept 9ZM9_e1_A_m1_d1 (better or equal resolution)
9ZMA_e1_A_m1_d1,duplicate sequence; kept 9ZM9_e1_A_m1_d1 (better or equal resolution)
12FD_e1_A_m1_d1,duplicate sequence; kept 9ZM9_e1_A_m1_d1 (better or equal resolution)
9ASD_e1_A_m1_d1,duplicate sequence; kept 9AU2_e1_A_m1_d1 (better or equal resolution)
8VGF_e2_B_m1_d1,duplicate sequence; kept 8VGE_e2_B_m1_d1 (better or equal resolution)
8VGJ_e3_F_m1_d1,duplicate sequence; kept 8VGE_e2_B_m1_d1 (better or equal resolution)
8VGG_e2_B_m1_d1,duplicate sequence; kept 8VGE_e2_B_m1_d1 (better or equal resolution)
9CYE_e2_B_m1_d1,duplicate sequence; kept 9CYH_e1_A_m1_d1 (better or equal resolution)
9CYF_e2_B_m1_d1,duplicate sequence; kept 9CYH_e1_A_m1_d1 (better or equal resolution)
9RII_e6_F_m1_d1,duplicate sequence; kept 9I4E_e2_B_m1_d1 (better or equal resolution)
9F02_e3_F_m1_d1,duplicate sequence; kept 9EVZ_e3_G_m1_d1 (better or equal resolution)
9YJJ_e1_A_m1_d1,duplicate sequence; kept 9YJK_e2_B_m1_d1 (better or equal resolution)
9RIK_e6_F_m1_d1,duplicate sequence; kept 9I42_e2_B_m1_d1 (better or equal resolution)
9MMJ_e2_B_m1_d1,duplicate sequence; kept 9MZ8_e2_B_m1_d1 (better or equal resolution)
9MZ7_e2_B_m1_d1,duplicate sequence; kept 9MZ8_e2_B_m1_d1 (better or equal resolution)
9MZ9_e2_B_m1_d1,duplicate sequence; kept 9MZ8_e2_B_m1_d1 (better or equal resolution)
9MZ6_e2_B_m1_d1,duplicate sequence; kept 9MZ8_e2_B_m1_d1 (better or equal resolution)
8VDG_e2_B_m1_d1,duplicate sequence; kept 9BHB_e1_A_m1_d1 (better or equal resolution)
9PAV_e1_A_m1_d1,duplicate sequence; kept 11SZ_e2_E_m1_d1 (better or equal resolution)
9RIR_e6_F_m1_d1,duplicate sequence; kept 9I45_e2_B_m1_d1 (better or equal resolution)
9CFE_e1_A_m1_d1,duplicate sequence; kept 9CFF_e1_A_m1_d1 (better or equal resolution)
9CFH_e2_B_m1_d1,duplicate sequence; kept 9CFG_e1_A_m1_d1 (better or equal resolution)
9ZMB_e2_B_m1_d1,duplicate sequence; kept 9ZMC_e2_B_m1_d1 (better or equal resolution)
12FC_e1_A_m1_d1,duplicate sequence; kept 9ZMC_e2_B_m1_d1 (better or equal resolution)
9ZFZ_e1_A_m1_d1,duplicate sequence; kept 9ZMC_e2_B_m1_d1 (better or equal resolution)
9DF0_e2_B_m1_d1,duplicate sequence; kept 9DEZ_e2_D_m1_d1 (better or equal resolution)
9WU2_e1_A_m1_d1,duplicate sequence; kept 9WRN_e1_A_m1_d1 (better or equal resolution)
9WS0_e1_A_m1_d1,duplicate sequence; kept 9WRN_e1_A_m1_d1 (better or equal resolution)
9O2S_e3_G_m1_d1,duplicate sequence; kept 9O2R_e3_G_m1_d1 (better or equal resolution)
9O2T_e3_G_m1_d1,duplicate sequence; kept 9O2R_e3_G_m1_d1 (better or equal resolution)
9HY3_e1_A_m1_d1,duplicate sequence; kept 9HY5_e1_A_m1_d1 (better or equal resolution)
9HY2_e1_A_m1_d1,duplicate sequence; kept 9HY5_e1_A_m1_d1 (better or equal resolution)
9HY1_e1_A_m1_d1,duplicate sequence; kept 9HY5_e1_A_m1_d1 (better or equal resolution)
9Y3X_e3_C_m1_d1,duplicate sequence; kept 9Y3Z_e2_B_m1_d1 (better or equal resolution)
8WZ3_e1_A_m1_d1,duplicate sequence; kept 8WZ4_e2_B_m1_d1 (better or equal resolution)
8YWQ_e1_A_m1_d1,duplicate sequence; kept 8YWP_e1_A_m1_d1 (better or equal resolution)
8RMY_e3_E_m1_d1,duplicate sequence; kept 8RMX_e2_B_m1_d1 (better or equal resolution)
9RIM_e6_F_m1_d1,duplicate sequence; kept 9I40_e2_B_m1_d1 (better or equal resolution)
9PYH_e2_D_m1_d1,duplicate sequence; kept 9PYN_e1_A_m1_d1 (better or equal resolution)
9RIH_e6_F_m1_d1,duplicate sequence; kept 9I3Z_e2_B_m1_d1 (better or equal resolution)
9RYF_e3_C_m1_d1,duplicate sequence; kept 9RYE_e3_C_m1_d1 (better or equal resolution)
9PY5_e2_D_m1_d1,duplicate sequence; kept 9PYY_e1_A_m1_d1 (better or equal resolution)
8Z6R_e3_C_m1_d1,duplicate sequence; kept 8Z6S_e2_B_m1_d1 (better or equal resolution)
8Z6T_e3_C_m1_d1,duplicate sequence; kept 8Z6S_e2_B_m1_d1 (better or equal resolution)
8Z6X_e3_C_m1_d1,duplicate sequence; kept 8Z6S_e2_B_m1_d1 (better or equal resolution)
8Z6W_e3_D_m1_d1,duplicate sequence; kept 8Z6S_e2_B_m1_d1 (better or equal resolution)
9PYK_e2_D_m1_d1,duplicate sequence; kept 9PZ3_e1_A_m1_d1 (better or equal resolution)
9O8R_e3_C_m1_d1,duplicate sequence; kept 9O8Q_e1_A_m1_d1 (better or equal resolution)
8XS2_e1_A_m1_d1,duplicate sequence; kept 9LUK_e1_A_m1_d1 (better or equal resolution)
8XS1_e1_A_m1_d1,duplicate sequence; kept 9LUK_e1_A_m1_d1 (better or equal resolution)
9JIJ_e3_C_m1_d1,duplicate sequence; kept 9JII_e3_C_m1_d1 (better or equal resolution)
8VEE_e2_B_m1_d1,duplicate sequence; kept 8VEB_e2_D_m1_d1 (better or equal resolution)
9WB3_e2_B_m1_d1,duplicate sequence; kept 9U5P_e2_B_m1_d1 (better or equal resolution)
9WB4_e2_B_m1_d1,duplicate sequence; kept 9U5P_e2_B_m1_d1 (better or equal resolution)
9U5Q_e2_B_m1_d1,duplicate sequence; kept 9U5P_e2_B_m1_d1 (better or equal resolution)
8RS0_e3_I_m1_d1,duplicate sequence; kept 8RRX_e3_C_m1_d1 (better or equal resolution)
8RRS_e2_B_m1_d1,duplicate sequence; kept 8RRX_e3_C_m1_d1 (better or equal resolution)
8ZPM_e2_B_m1_d1,duplicate sequence; kept 8ZPL_e1_A_m1_d1 (better or equal resolution)
8ZPN_e2_B_m1_d1,duplicate sequence; kept 8ZPL_e1_A_m1_d1 (better or equal resolution)
9GXH_e1_A_m1_d1,duplicate sequence; kept 9GV4_e1_A_m1_d1 (better or equal resolution)
9EG6_e2_B_m1_d1,duplicate sequence; kept 9EGN_e2_B_m1_d1 (better or equal resolution)
8Y4X_e2_B_m1_d1,duplicate sequence; kept 8Y4W_e2_B_m1_d1 (better or equal resolution)
8QGX_e2_B_m1_d1,duplicate sequence; kept 8QGZ_e1_A_m1_d1 (better or equal resolution)
9K0K_e4_D_m1_d1,duplicate sequence; kept 9K0X_e5_E_m1_d1 (better or equal resolution)
9K25_e5_E_m1_d1,duplicate sequence; kept 9K0X_e5_E_m1_d1 (better or equal resolution)
9YDP_e4_D_m1_d1,duplicate sequence; kept 9YDQ_e4_D_m1_d1 (better or equal resolution)
9YDR_e4_D_m1_d1,duplicate sequence; kept 9YDQ_e4_D_m1_d1 (better or equal resolution)
9BP3_e7_G_m1_d1,duplicate sequence; kept 9YDQ_e4_D_m1_d1 (better or equal resolution)
9N05_e4_D_m1_d1,duplicate sequence; kept 9YDQ_e4_D_m1_d1 (better or equal resolution)
9BUB_e6_F_m1_d1,duplicate sequence; kept 9YDQ_e4_D_m1_d1 (better or equal resolution)
8ZVZ_e5_E_m1_d1,duplicate sequence; kept 9YDQ_e4_D_m1_d1 (better or equal resolution)
9JCO_e4_D_m1_d1,duplicate sequence; kept 9YDQ_e4_D_m1_d1 (better or equal resolution)
9AU0_e4_D_m1_d1,duplicate sequence; kept 9YDQ_e4_D_m1_d1 (better or equal resolution)
9BUD_e6_F_m1_d1,duplicate sequence; kept 9YDQ_e4_D_m1_d1 (better or equal resolution)
9GYO_e4_D_m1_d1,duplicate sequence; kept 9YDQ_e4_D_m1_d1 (better or equal resolution)
9XN4_e4_D_m1_d1,duplicate sequence; kept 9YDQ_e4_D_m1_d1 (better or equal resolution)
9JCP_e3_C_m1_d1,duplicate sequence; kept 9YDQ_e4_D_m1_d1 (better or equal resolution)
8YN3_e4_D_m1_d1,duplicate sequence; kept 9YDQ_e4_D_m1_d1 (better or equal resolution)
9JCQ_e4_D_m1_d1,duplicate sequence; kept 9YDQ_e4_D_m1_d1 (better or equal resolution)
9N29_e3_C_m1_d1,duplicate sequence; kept 9YDQ_e4_D_m1_d1 (better or equal resolution)
9XN2_e4_D_m1_d1,duplicate sequence; kept 9YDQ_e4_D_m1_d1 (better or equal resolution)
9EE8_e5_E_m1_d1,duplicate sequence; kept 9YDQ_e4_D_m1_d1 (better or equal resolution)
27XK_e5_E_m1_d1,duplicate sequence; kept 9YDQ_e4_D_m1_d1 (better or equal resolution)
8YW3_e1_A_m1_d1,duplicate sequence; kept 9YDQ_e4_D_m1_d1 (better or equal resolution)
8ZW0_e5_E_m1_d1,duplicate sequence; kept 9YDQ_e4_D_m1_d1 (better or equal resolution)
9XN3_e4_D_m1_d1,duplicate sequence; kept 9YDQ_e4_D_m1_d1 (better or equal resolution)
9LRB_e4_D_m1_d1,duplicate sequence; kept 9YDQ_e4_D_m1_d1 (better or equal resolution)
9BHL_e3_C_m1_d1,duplicate sequence; kept 9YDQ_e4_D_m1_d1 (better or equal resolution)
9BQ3_e7_G_m1_d1,duplicate sequence; kept 9YDQ_e4_D_m1_d1 (better or equal resolution)
9KPD_e4_D_m1_d1,duplicate sequence; kept 9YDQ_e4_D_m1_d1 (better or equal resolution)
9LGM_e4_D_m1_d1,duplicate sequence; kept 9YDQ_e4_D_m1_d1 (better or equal resolution)
9U9V_e4_D_m1_d1,duplicate sequence; kept 9YDQ_e4_D_m1_d1 (better or equal resolution)
9JFX_e4_D_m1_d1,duplicate sequence; kept 9YDQ_e4_D_m1_d1 (better or equal resolution)
9M0J_e4_D_m1_d1,duplicate sequence; kept 9YDQ_e4_D_m1_d1 (better or equal resolution)
9N1P_e4_D_m1_d1,duplicate sequence; kept 9YDQ_e4_D_m1_d1 (better or equal resolution)
8ZCF_e4_D_m1_d1,duplicate sequence; kept 9YDQ_e4_D_m1_d1 (better or equal resolution)
9JFZ_e4_D_m1_d1,duplicate sequence; kept 9YDQ_e4_D_m1_d1 (better or equal resolution)
9J1P_e4_D_m1_d1,duplicate sequence; kept 9YDQ_e4_D_m1_d1 (better or equal resolution)
9BTW_e7_G_m1_d1,duplicate sequence; kept 9YDQ_e4_D_m1_d1 (better or equal resolution)
9NOX_e4_D_m1_d1,duplicate sequence; kept 9YDQ_e4_D_m1_d1 (better or equal resolution)
9O38_e4_D_m1_d1,duplicate sequence; kept 9YDQ_e4_D_m1_d1 (better or equal resolution)
9IVG_e6_F_m1_d1,duplicate sequence; kept 9YDQ_e4_D_m1_d1 (better or equal resolution)
9U43_e6_F_m1_d1,duplicate sequence; kept 9YDQ_e4_D_m1_d1 (better or equal resolution)
9U40_e6_F_m1_d1,duplicate sequence; kept 9YDQ_e4_D_m1_d1 (better or equal resolution)
9LYC_e5_F_m1_d1,duplicate sequence; kept 9YDQ_e4_D_m1_d1 (better or equal resolution)
8ZCE_e4_D_m1_d1,duplicate sequence; kept 9YDQ_e4_D_m1_d1 (better or equal resolution)
9JFW_e4_D_m1_d1,duplicate sequence; kept 9YDQ_e4_D_m1_d1 (better or equal resolution)
9EE9_e5_E_m1_d1,duplicate sequence; kept 9YDQ_e4_D_m1_d1 (better or equal resolution)
9LYB_e4_D_m1_d1,duplicate sequence; kept 9YDQ_e4_D_m1_d1 (better or equal resolution)
9BLW_e4_D_m1_d1,duplicate sequence; kept 9YDQ_e4_D_m1_d1 (better or equal resolution)
9BLB_e6_F_m1_d1,duplicate sequence; kept 9YDQ_e4_D_m1_d1 (better or equal resolution)
8UXV_e1_A_m1_d1,duplicate sequence; kept 9YDQ_e4_D_m1_d1 (better or equal resolution)
8UY0_e2_B_m1_d1,duplicate sequence; kept 9YDQ_e4_D_m1_d1 (better or equal resolution)
8WJX_e4_D_m1_d1,duplicate sequence; kept 9YDQ_e4_D_m1_d1 (better or equal resolution)
9M42_e4_D_m1_d1,duplicate sequence; kept 9YDQ_e4_D_m1_d1 (better or equal resolution)
9P93_e3_C_m1_d1,duplicate sequence; kept 9YDQ_e4_D_m1_d1 (better or equal resolution)
25NV_e4_D_m1_d1,duplicate sequence; kept 9YDQ_e4_D_m1_d1 (better or equal resolution)
9IVM_e4_D_m1_d1,duplicate sequence; kept 9YDQ_e4_D_m1_d1 (better or equal resolution)
8YW4_e4_D_m1_d1,duplicate sequence; kept 9YDQ_e4_D_m1_d1 (better or equal resolution)
9JFT_e4_D_m1_d1,duplicate sequence; kept 9YDQ_e4_D_m1_d1 (better or equal resolution)
9BLC_e6_F_m1_d1,duplicate sequence; kept 9YDQ_e4_D_m1_d1 (better or equal resolution)
8S2T_e4_D_m1_d1,duplicate sequence; kept 9YDQ_e4_D_m1_d1 (better or equal resolution)
8UXY_e4_D_m1_d1,duplicate sequence; kept 9YDQ_e4_D_m1_d1 (better or equal resolution)
9E2A_e4_D_m1_d1,duplicate sequence; kept 9YDQ_e4_D_m1_d1 (better or equal resolution)
9EEA_e5_E_m1_d1,duplicate sequence; kept 9YDQ_e4_D_m1_d1 (better or equal resolution)
9BUC_e6_F_m1_d1,duplicate sequence; kept 9YDQ_e4_D_m1_d1 (better or equal resolution)
8UYQ_e2_B_m1_d1,duplicate sequence; kept 9YDQ_e4_D_m1_d1 (better or equal resolution)
8RVR_e2_G_m1_d1,duplicate sequence; kept 8RTF_e2_G_m1_d1 (better or equal resolution)
9PYD_e2_D_m1_d1,duplicate sequence; kept 9PZ2_e1_A_m1_d1 (better or equal resolution)
9YGN_e2_D_m1_d1,duplicate sequence; kept 9YGP_e2_C_m1_d1 (better or equal resolution)
9YGO_e2_D_m1_d1,duplicate sequence; kept 9YGP_e2_C_m1_d1 (better or equal resolution)
9Z79_e2_B_m1_d1,duplicate sequence; kept 9Z7A_e2_B_m1_d1 (better or equal resolution)
9Z7B_e2_B_m1_d1,duplicate sequence; kept 9Z7A_e2_B_m1_d1 (better or equal resolution)
9UCG_e1_A_m1_d1,duplicate sequence; kept 9JPV_e1_A_m1_d1 (better or equal resolution)
9IZ9_e1_A_m1_d1,duplicate sequence; kept 9IW2_e2_B_m1_d1 (better or equal resolution)
9NW8_e3_C_m1_d1,duplicate sequence; kept 9NW7_e3_C_m1_d1 (better or equal resolution)
9NW9_e3_C_m1_d1,duplicate sequence; kept 9NW7_e3_C_m1_d1 (better or equal resolution)
9RIO_e5_E_m1_d1,duplicate sequence; kept 9I4D_e1_A_m1_d1 (better or equal resolution)
9C24_e1_A_m1_d1,duplicate sequence; kept 9C1S_e1_A_m1_d1 (better or equal resolution)
9L8Z_e3_C_m1_d1,duplicate sequence; kept 9XSX_e2_B_m1_d1 (better or equal resolution)
9L05_e2_B_m1_d1,duplicate sequence; kept 9L2L_e2_D_m1_d1 (better or equal resolution)
9L07_e3_C_m1_d1,duplicate sequence; kept 9L15_e1_A_m1_d1 (better or equal resolution)
9O9V_e2_D_m1_d1,duplicate sequence; kept 9EJF_e2_D_m1_d1 (better or equal resolution)
8YY6_e1_A_m1_d1,duplicate sequence; kept 9UV4_e1_A_m1_d1 (better or equal resolution)
9CZA_e4_D_m1_d1,duplicate sequence; kept 9CZD_e4_D_m1_d1 (better or equal resolution)
9CZF_e4_D_m1_d1,duplicate sequence; kept 9CZD_e4_D_m1_d1 (better or equal resolution)
9CZ7_e4_D_m1_d1,duplicate sequence; kept 9CZD_e4_D_m1_d1 (better or equal resolution)
9PZW_e1_A_m1_d1,duplicate sequence; kept 9PZX_e3_C_m1_d1 (better or equal resolution)
9H4S_e2_B_m1_d1,duplicate sequence; kept 9H4R_e2_B_m1_d1 (better or equal resolution)
9Q71_e2_I_m1_d1,duplicate sequence; kept 9Q7B_e2_G_m1_d1 (better or equal resolution)
9GFJ_e1_A_m1_d1,duplicate sequence; kept 9GFD_e1_A_m1_d1 (better or equal resolution)
9GF5_e1_A_m1_d1,duplicate sequence; kept 9GFD_e1_A_m1_d1 (better or equal resolution)
9GFL_e1_A_m1_d1,duplicate sequence; kept 9GFD_e1_A_m1_d1 (better or equal resolution)
9TD2_e3_C_m1_d1,duplicate sequence; kept 9Q4L_e1_C_m1_d1 (better or equal resolution)
8YKH_e1_A_m1_d2,duplicate sequence; kept 8YK4_e1_A_m1_d2 (better or equal resolution)
8YKG_e2_D_m1_d2,duplicate sequence; kept 8YK4_e1_A_m1_d2 (better or equal resolution)
8QZ6_e2_B_m1_d1,duplicate sequence; kept 8QZ7_e2_B_m1_d1 (better or equal resolution)
9G95_e2_B_m1_d1,duplicate sequence; kept 9G97_e2_B_m1_d1 (better or equal resolution)
9T5O_e2_E_m1_d1,duplicate sequence; kept 9T5N_e2_E_m1_d1 (better or equal resolution)
9QTY_e2_B_m1_d1,duplicate sequence; kept 9QQS_e3_C_m1_d1 (better or equal resolution)
9QRU_e4_D_m1_d1,duplicate sequence; kept 9QQS_e3_C_m1_d1 (better or equal resolution)
9QS6_e3_C_m1_d1,duplicate sequence; kept 9QQS_e3_C_m1_d1 (better or equal resolution)
9RIP_e6_F_m1_d1,duplicate sequence; kept 9I4B_e1_A_m1_d1 (better or equal resolution)
9DSU_e2_B_m1_d1,duplicate sequence; kept 9DSS_e1_A_m1_d1 (better or equal resolution)
9NOA_e1_C_m1_d1,duplicate sequence; kept 9DST_e3_C_m1_d1 (better or equal resolution)
9DSR_e1_A_m1_d1,duplicate sequence; kept 9DST_e3_C_m1_d1 (better or equal resolution)
9JIE_e2_C_m1_d1,duplicate sequence; kept 9JIG_e2_B_m1_d1 (better or equal resolution)
9JIF_e2_B_m1_d1,duplicate sequence; kept 9JIG_e2_B_m1_d1 (better or equal resolution)
9DQ3_e2_B_m1_d1,duplicate sequence; kept 9DQ4_e2_B_m1_d1 (better or equal resolution)
9HI4_e1_A_m1_d1,duplicate sequence; kept 9HI6_e1_A_m1_d1 (better or equal resolution)
8VQF_e2_B_m1_d1,duplicate sequence; kept 9NPH_e2_B_m1_d1 (better or equal resolution)
9FVE_e2_B_m1_d1,duplicate sequence; kept 9FVB_e2_C_m1_d1 (better or equal resolution)
9ETI_e1_A_m1_d1,duplicate sequence; kept 9ETH_e1_A_m1_d1 (better or equal resolution)
9MJD_e1_A_m1_d1,duplicate sequence; kept 9MID_e1_A_m1_d1 (better or equal resolution)
9AXP_e1_A_m1_d1,duplicate sequence; kept 9AXQ_e1_A_m1_d1 (better or equal resolution)
9T3R_e2_B_m1_d1,duplicate sequence; kept 9T3S_e1_A_m1_d1 (better or equal resolution)
9MJC_e1_A_m1_d1,duplicate sequence; kept 9MIC_e1_A_m1_d1 (better or equal resolution)
9RIQ_e6_F_m1_d1,duplicate sequence; kept 9I3X_e2_B_m1_d1 (better or equal resolution)
9MNT_e2_B_m1_d1,duplicate sequence; kept 9MRZ_e2_B_m1_d1 (better or equal resolution)
9XI8_e1_A_m1_d1,duplicate sequence; kept 9XI1_e3_C_m1_d1 (better or equal resolution)
9LRH_e2_B_m1_d1,duplicate sequence; kept 9LRF_e2_B_m1_d1 (better or equal resolution)
9PUK_e1_C_m1_d1,duplicate sequence; kept 9PUO_e1_A_m1_d1 (better or equal resolution)
9XI7_e3_E_m1_d1,duplicate sequence; kept 9XI6_e3_C_m1_d1 (better or equal resolution)
9MK4_e1_A_m1_d1,duplicate sequence; kept 9MJ3_e1_A_m1_d1 (better or equal resolution)
9Q5I_e1_A_m1_d1,duplicate sequence; kept 9Q5H_e1_A_m1_d1 (better or equal resolution)
9XI5_e2_B_m1_d1,duplicate sequence; kept 9XI4_e3_C_m1_d1 (better or equal resolution)
9NPG_e1_A_m1_d1,duplicate sequence; kept 9NPI_e1_A_m1_d1 (better or equal resolution)
9VDZ_e1_A_m1_d1,duplicate sequence; kept 9VDY_e2_C_m1_d1 (better or equal resolution)
9VE0_e1_A_m1_d1,duplicate sequence; kept 9VDY_e2_C_m1_d1 (better or equal resolution)
9MJI_e1_A_m1_d1,duplicate sequence; kept 9MIF_e1_A_m1_d1 (better or equal resolution)
9MI3_e2_B_m1_d1,duplicate sequence; kept 9ECX_e1_A_m1_d1 (better or equal resolution)
