column_index	chothia_pos	region
1	H1	FR1
2	H2	FR1
3	H3	FR1
4	H4	FR1
5	H5	FR1
6	H6	FR1
7	H7	FR1
8	H8	FR1
9	H9	FR1
10	H10	FR1
11	H11	FR1
12	H12	FR1
13	H13	FR1
14	H14	FR1
15	H15	FR1
16	H16	FR1
17	H17	FR1
18	H18	FR1
19	H19	FR1
20	H20	FR1
21	H21	FR1
22	H22	FR1
23	H23	FR1
24	H24	FR1
25	H25	FR1
26	H26	CDR1
27	H27	CDR1
28	H28	CDR1
29	H29	CDR1
30	H30	CDR1
31	H31	CDR1
32	H31A	CDR1
33	H31B	CDR1
34	H31C	CDR1
35	H31D	CDR1
36	H31E	CDR1
37	H31F	CDR1
38	H31G	CDR1
39	H31H	CDR1
40	H31I	CDR1
41	H31J	CDR1
42	H31K	CDR1
43	H32	CDR1
44	H33	FR2
45	H34	FR2
46	H35	FR2
47	H36	FR2
48	H37	FR2
49	H38	FR2
50	H39	FR2
51	H40	FR2
52	H41	FR2
53	H42	FR2
54	H43	FR2
55	H44	FR2
56	H45	FR2
57	H46	FR2
58	H47	FR2
59	H48	FR2
60	H49	FR2
61	H50	FR2
62	H51	FR2
63	H52	CDR2
64	H52A	CDR2
65	H52B	CDR2
66	H52C	CDR2
67	H52D	CDR2
68	H52E	CDR2
69	H52F	CDR2
70	H53	CDR2
71	H54	CDR2
72	H55	CDR2
73	H56	CDR2
74	H57	FR3
75	H58	FR3
76	H59	FR3
77	H60	FR3
78	H61	FR3
79	H62	FR3
80	H63	FR3
81	H64	FR3
82	H65	FR3
83	H66	FR3
84	H67	FR3
85	H68	FR3
86	H69	FR3
87	H70	FR3
88	H71	FR3
89	H72	FR3
90	H73	FR3
91	H74	FR3
92	H75	FR3
93	H76	FR3
94	H77	FR3
95	H78	FR3
96	H79	FR3
97	H80	FR3
98	H81	FR3
99	H82	FR3
100	H82A	FR3
101	H82B	FR3
102	H82C	FR3
103	H83	FR3
104	H84	FR3
105	H85	FR3
106	H86	FR3
107	H87	FR3
108	H88	FR3
109	H89	FR3
110	H90	FR3
111	H91	FR3
112	H92	FR3
113	H93	FR3
114	H94	FR3
115	H95	CDR3
116	H96	CDR3
117	H97	CDR3
118	H98	CDR3
119	H99	CDR3
120	H100	CDR3
121	H100A	CDR3
122	H100B	CDR3
123	H100C	CDR3
124	H100D	CDR3
125	H100E	CDR3
126	H100F	CDR3
127	H100G	CDR3
128	H100H	CDR3
129	H100I	CDR3
130	H100J	CDR3
131	H100K	CDR3
132	H100L	CDR3
133	H100M	CDR3
134	H100N	CDR3
135	H100O	CDR3
136	H100P	CDR3
137	H100Q	CDR3
138	H100R	CDR3
139	H100S	CDR3
140	H100T	CDR3
141	H100U	CDR3
142	H100V	CDR3
143	H100W	CDR3
144	H100X	CDR3
145	H101	CDR3
146	H102	CDR3
147	H103	FR4
148	H104	FR4
149	H105	FR4
150	H106	FR4
151	H107	FR4
152	H108	FR4
153	H109	FR4
154	H110	FR4
155	H111	FR4
156	H112	FR4
157	H113	FR4
